[
  {
    "id": "36f95b08-ba01-424f-8503-d564031e37f4",
    "data": [
      {
        "text": "good bye",
        "alias": "bye",
        "meta": "@bye",
        "userDefined": false
      },
      {
        "text": "?",
        "userDefined": false
      }
    ],
    "isTemplate": false,
    "count": 0
  },
  {
    "id": "2f563b57-e24e-4d8b-b2ea-3b8afd3d11c7",
    "data": [
      {
        "text": "bfn",
        "alias": "bye",
        "meta": "@bye",
        "userDefined": false
      },
      {
        "text": "?",
        "userDefined": false
      }
    ],
    "isTemplate": false,
    "count": 0
  },
  {
    "id": "74571b58-56e1-4d23-bcb1-ba02f0885e53",
    "data": [
      {
        "text": "bye bye",
        "alias": "bye",
        "meta": "@bye",
        "userDefined": false
      },
      {
        "text": "?",
        "userDefined": false
      }
    ],
    "isTemplate": false,
    "count": 0
  },
  {
    "id": "7b46734a-8af1-4374-aa5e-211b02a44988",
    "data": [
      {
        "text": "bye",
        "alias": "bye",
        "meta": "@bye",
        "userDefined": false
      },
      {
        "text": " now?",
        "userDefined": false
      }
    ],
    "isTemplate": false,
    "count": 0
  }
]