[
  {
    "id": "d08dcb0e-09d0-4ebe-97be-93e579525c56",
    "data": [
      {
        "text": "Tell me about ",
        "userDefined": false
      },
      {
        "text": "executive courses",
        "alias": "execpgm",
        "meta": "@execpgm",
        "userDefined": true
      }
    ],
    "isTemplate": false,
    "count": 0
  },
  {
    "id": "54b65e76-6e95-416c-9d17-3c1dd333d892",
    "data": [
      {
        "text": "exec pgm",
        "alias": "execpgm",
        "meta": "@execpgm",
        "userDefined": true
      }
    ],
    "isTemplate": false,
    "count": 0
  },
  {
    "id": "113f9800-eaa8-4883-8c4e-393c7a188af8",
    "data": [
      {
        "text": "Please tell me about ",
        "userDefined": false
      },
      {
        "text": "executive programs",
        "alias": "execpgm",
        "meta": "@execpgm",
        "userDefined": true
      },
      {
        "text": "?",
        "userDefined": false
      }
    ],
    "isTemplate": false,
    "count": 0
  }
]