[
  {
    "id": "c405e6f5-ae5e-4c78-b877-b8de21e07778",
    "data": [
      {
        "text": "fees of the degree?",
        "userDefined": false
      }
    ],
    "isTemplate": false,
    "count": 0
  },
  {
    "id": "6ee5496f-c5c3-4106-934c-0170721820da",
    "data": [
      {
        "text": "fees of this degree course?",
        "userDefined": false
      }
    ],
    "isTemplate": false,
    "count": 0
  },
  {
    "id": "d14c30c3-e3db-42e8-b220-8e7a96cc4fbb",
    "data": [
      {
        "text": "fees of this masters course?",
        "userDefined": false
      }
    ],
    "isTemplate": false,
    "count": 0
  },
  {
    "id": "00c20bdb-cece-4ace-a27e-a33def957535",
    "data": [
      {
        "text": "fees of this stackable program?",
        "userDefined": false
      }
    ],
    "isTemplate": false,
    "count": 0
  },
  {
    "id": "27c68a49-214c-431b-a98c-f49187980d46",
    "data": [
      {
        "text": "fees of the degree program?",
        "userDefined": false
      }
    ],
    "isTemplate": false,
    "count": 0
  },
  {
    "id": "4dfcd102-c10f-4d6c-b858-d0df3a75ed2e",
    "data": [
      {
        "text": "fees of the course?",
        "userDefined": false
      }
    ],
    "isTemplate": false,
    "count": 0
  },
  {
    "id": "04a2885d-02de-41d0-9ff6-c0ae78e246fd",
    "data": [
      {
        "text": "fees of the module?",
        "userDefined": false
      }
    ],
    "isTemplate": false,
    "count": 0
  },
  {
    "id": "e72b939c-7640-4089-974d-c14a599aeec0",
    "data": [
      {
        "text": "fees of this module?",
        "userDefined": false
      }
    ],
    "isTemplate": false,
    "count": 0
  }
]