[
  {
    "id": "d9ab0271-d143-4b1f-951d-97dd22234559",
    "data": [
      {
        "text": "I am an ",
        "userDefined": false
      },
      {
        "text": "aspirant",
        "alias": "UserType",
        "meta": "@UserType",
        "userDefined": true
      }
    ],
    "isTemplate": false,
    "count": 0
  },
  {
    "id": "a5b62732-7063-48c7-8110-2c6a953b19b9",
    "data": [
      {
        "text": "I am from a ",
        "userDefined": false
      },
      {
        "text": "marketing",
        "alias": "UserType",
        "meta": "@UserType",
        "userDefined": false
      },
      {
        "text": " company",
        "userDefined": false
      }
    ],
    "isTemplate": false,
    "count": 0
  },
  {
    "id": "8fd52b5d-f5a3-4c4e-87fc-735c162661ed",
    "data": [
      {
        "text": "I am a ",
        "userDefined": false
      },
      {
        "text": "marketeer",
        "alias": "UserType",
        "meta": "@UserType",
        "userDefined": true
      }
    ],
    "isTemplate": false,
    "count": 0
  },
  {
    "id": "6f572a19-f5bc-4a0a-8a14-afc26c57581f",
    "data": [
      {
        "text": "I am a ",
        "userDefined": false
      },
      {
        "text": "vendor",
        "alias": "UserType",
        "meta": "@UserType",
        "userDefined": false
      }
    ],
    "isTemplate": false,
    "count": 0
  },
  {
    "id": "8b72d4ac-a6b8-4aa5-8cd3-fccb0b2e0798",
    "data": [
      {
        "text": "I am from ",
        "userDefined": false
      },
      {
        "text": "research",
        "alias": "UserType",
        "meta": "@UserType",
        "userDefined": false
      }
    ],
    "isTemplate": false,
    "count": 0
  },
  {
    "id": "79220803-fc80-41b1-8df3-5938253101c4",
    "data": [
      {
        "text": "I am from ",
        "userDefined": false
      },
      {
        "text": "industry",
        "alias": "UserType",
        "meta": "@UserType",
        "userDefined": false
      }
    ],
    "isTemplate": false,
    "count": 0
  },
  {
    "id": "52e6decd-bcd0-4c0e-afe2-b5a1e1073f52",
    "data": [
      {
        "text": "I ",
        "userDefined": false
      },
      {
        "text": "teach",
        "alias": "UserType",
        "meta": "@UserType",
        "userDefined": true
      },
      {
        "text": " here",
        "userDefined": false
      }
    ],
    "isTemplate": false,
    "count": 0
  },
  {
    "id": "e48fc405-ded2-4073-afe2-fcf66e8ac0f0",
    "data": [
      {
        "text": "I am a ",
        "userDefined": false
      },
      {
        "text": "teacher",
        "alias": "UserType",
        "meta": "@UserType",
        "userDefined": false
      }
    ],
    "isTemplate": false,
    "count": 0
  },
  {
    "id": "1aa7bcec-a8a5-42ba-9872-15c4ffa9b1e5",
    "data": [
      {
        "text": "I am ",
        "userDefined": false
      },
      {
        "text": "teacher",
        "alias": "UserType",
        "meta": "@UserType",
        "userDefined": false
      }
    ],
    "isTemplate": false,
    "count": 0
  },
  {
    "id": "e1804a4c-acaa-4f7f-b8eb-6d79d7c22214",
    "data": [
      {
        "text": "I am a ",
        "userDefined": false
      },
      {
        "text": "prospective student",
        "alias": "UserType",
        "meta": "@UserType",
        "userDefined": false
      }
    ],
    "isTemplate": false,
    "count": 0
  }
]