[
  {
    "id": "c87f4cae-0422-4dc6-aafc-c49df3054b64",
    "data": [
      {
        "text": "masters pgm",
        "alias": "MastersDegreePgm",
        "meta": "@MastersDegreePgm",
        "userDefined": true
      },
      {
        "text": "?",
        "userDefined": false
      }
    ],
    "isTemplate": false,
    "count": 0
  },
  {
    "id": "a0d3bc44-525f-45e6-bba1-c40109da60ec",
    "data": [
      {
        "text": "Tell me about ",
        "userDefined": false
      },
      {
        "text": "degree programs",
        "alias": "MastersDegreePgm",
        "meta": "@MastersDegreePgm",
        "userDefined": true
      },
      {
        "text": " at ISS?",
        "userDefined": false
      }
    ],
    "isTemplate": false,
    "count": 0
  },
  {
    "id": "02bd0c09-39ed-4104-98bd-a192ef0fd0bd",
    "data": [
      {
        "text": "What are the ",
        "userDefined": false
      },
      {
        "text": "master\u0027s degree programs",
        "alias": "MastersDegreePgm",
        "meta": "@MastersDegreePgm",
        "userDefined": true
      },
      {
        "text": " offered?",
        "userDefined": false
      }
    ],
    "isTemplate": false,
    "count": 0
  },
  {
    "id": "908a1c9e-7e19-4793-91b2-4e93e6917893",
    "data": [
      {
        "text": "Tell me about ",
        "userDefined": false
      },
      {
        "text": "Masters Programs",
        "alias": "MastersDegreePgm",
        "meta": "@MastersDegreePgm",
        "userDefined": true
      }
    ],
    "isTemplate": false,
    "count": 0
  }
]