[
  {
    "id": "a2fd444a-8e30-406a-813f-1e5463c3bdcc",
    "data": [
      {
        "text": "software engineering",
        "alias": "MastersProgramModulelisting",
        "meta": "@MastersProgramModulelisting",
        "userDefined": true
      }
    ],
    "isTemplate": false,
    "count": 0
  },
  {
    "id": "44950d7c-95c0-4dfc-b759-f14a9bce6c14",
    "data": [
      {
        "text": "tell me about ",
        "userDefined": false
      },
      {
        "text": "s/w engineering",
        "alias": "MastersProgramModulelisting",
        "meta": "@MastersProgramModulelisting",
        "userDefined": true
      }
    ],
    "isTemplate": false,
    "count": 0
  },
  {
    "id": "5716f983-5525-4c11-8739-7a07657291a9",
    "data": [
      {
        "text": "Tell me about ",
        "userDefined": false
      },
      {
        "text": "DL",
        "alias": "MastersProgramModulelisting",
        "meta": "@MastersProgramModulelisting",
        "userDefined": false
      }
    ],
    "isTemplate": false,
    "count": 0
  },
  {
    "id": "a7d6a70f-3aa6-483f-a2c7-a89d37f32924",
    "data": [
      {
        "text": "Tell me about ",
        "userDefined": false
      },
      {
        "text": "IS",
        "alias": "MastersProgramModulelisting",
        "meta": "@MastersProgramModulelisting",
        "userDefined": false
      }
    ],
    "isTemplate": false,
    "count": 0
  },
  {
    "id": "1f12af41-ab59-488e-9e65-1ec8129ab18a",
    "data": [
      {
        "text": "tell me about ",
        "userDefined": false
      },
      {
        "text": "KE",
        "alias": "MastersProgramModulelisting",
        "meta": "@MastersProgramModulelisting",
        "userDefined": false
      }
    ],
    "isTemplate": false,
    "count": 0
  },
  {
    "id": "cd7ab94a-d4a8-4629-a189-63cd30669227",
    "data": [
      {
        "text": "tell me about ",
        "userDefined": false
      },
      {
        "text": "system analysis",
        "alias": "MastersProgramModulelisting",
        "meta": "@MastersProgramModulelisting",
        "userDefined": true
      }
    ],
    "isTemplate": false,
    "count": 1
  },
  {
    "id": "474e5629-b816-450c-b788-7a981b9f13f9",
    "data": [
      {
        "text": "tell me about ",
        "userDefined": false
      },
      {
        "text": "enterprise business analytics",
        "alias": "MastersProgramModulelisting",
        "meta": "@MastersProgramModulelisting",
        "userDefined": true
      }
    ],
    "isTemplate": false,
    "count": 0
  },
  {
    "id": "11ce8f4b-fa0d-4a4c-beba-5492c670c17d",
    "data": [
      {
        "text": "tell me about ",
        "userDefined": false
      },
      {
        "text": "digital leadership",
        "alias": "MastersProgramModulelisting",
        "meta": "@MastersProgramModulelisting",
        "userDefined": true
      }
    ],
    "isTemplate": false,
    "count": 0
  },
  {
    "id": "08deef9e-16fc-438f-a69b-e049a148cfa9",
    "data": [
      {
        "text": "tell me about ",
        "userDefined": false
      },
      {
        "text": "intelligent systems",
        "alias": "MastersProgramModulelisting",
        "meta": "@MastersProgramModulelisting",
        "userDefined": true
      }
    ],
    "isTemplate": false,
    "count": 0
  },
  {
    "id": "c7863635-d57e-4354-8120-fe0b324fbfeb",
    "data": [
      {
        "text": "Tell me about ",
        "userDefined": false
      },
      {
        "text": "knowledge engineering",
        "alias": "MastersProgramModulelisting",
        "meta": "@MastersProgramModulelisting",
        "userDefined": true
      }
    ],
    "isTemplate": false,
    "count": 0
  },
  {
    "id": "c4f08e9e-4b8e-41d4-927c-c53ded7c7ac5",
    "data": [
      {
        "text": "Tell me about ",
        "userDefined": false
      },
      {
        "text": "software engineering",
        "alias": "MastersProgramModulelisting",
        "meta": "@MastersProgramModulelisting",
        "userDefined": true
      }
    ],
    "isTemplate": false,
    "count": 0
  }
]