[
  {
    "id": "bf30531c-48b4-4903-bd0f-f5c6591026ea",
    "data": [
      {
        "text": "tell me details of ",
        "userDefined": false
      },
      {
        "text": "module",
        "alias": "module",
        "meta": "@module",
        "userDefined": false
      },
      {
        "text": " ",
        "userDefined": false
      },
      {
        "text": "Web Analytics Seo",
        "alias": "any",
        "meta": "@sys.any",
        "userDefined": true
      },
      {
        "text": "?",
        "userDefined": false
      }
    ],
    "isTemplate": false,
    "count": 0
  },
  {
    "id": "91428f85-711a-446b-8268-385aac567730",
    "data": [
      {
        "text": "tell me info about ",
        "userDefined": false
      },
      {
        "text": "module",
        "alias": "module",
        "meta": "@module",
        "userDefined": false
      },
      {
        "text": "  ",
        "userDefined": false
      },
      {
        "text": "Statistics Bootcamp",
        "alias": "any",
        "meta": "@sys.any",
        "userDefined": true
      }
    ],
    "isTemplate": false,
    "count": 0
  },
  {
    "id": "7f3820b9-f718-4d30-98c9-20b35993f207",
    "data": [
      {
        "text": "tel me about ",
        "userDefined": false
      },
      {
        "text": "module",
        "alias": "module",
        "meta": "@module",
        "userDefined": false
      },
      {
        "text": " ",
        "userDefined": false
      },
      {
        "text": "data storytelling",
        "alias": "any",
        "meta": "@sys.any",
        "userDefined": true
      }
    ],
    "isTemplate": false,
    "count": 0
  },
  {
    "id": "e296010f-12b7-4b20-9196-65f1de66d7c6",
    "data": [
      {
        "text": "tell me details of ",
        "userDefined": false
      },
      {
        "text": "module",
        "alias": "module",
        "meta": "@module",
        "userDefined": false
      },
      {
        "text": " ",
        "userDefined": false
      },
      {
        "text": "data storytelling",
        "alias": "any",
        "meta": "@sys.any",
        "userDefined": true
      }
    ],
    "isTemplate": false,
    "count": 0
  }
]