[
  {
    "id": "01d0d479-30d0-48c9-bf78-eb4d447f615b",
    "data": [
      {
        "text": "what ",
        "userDefined": false
      },
      {
        "text": "programs at ISS",
        "alias": "ProgISS",
        "meta": "@ProgISS",
        "userDefined": true
      },
      {
        "text": "?",
        "userDefined": false
      }
    ],
    "isTemplate": false,
    "count": 0
  },
  {
    "id": "fbde9875-597b-4641-a5df-f3b7d08816f1",
    "data": [
      {
        "text": "what ",
        "userDefined": false
      },
      {
        "text": "packages",
        "alias": "ProgISS",
        "meta": "@ProgISS",
        "userDefined": false
      },
      {
        "text": " do ISS offer?",
        "userDefined": false
      }
    ],
    "isTemplate": false,
    "count": 0
  },
  {
    "id": "caaf28a0-bc5b-4bfa-8d5d-d531e78cb21f",
    "data": [
      {
        "text": "what ",
        "userDefined": false
      },
      {
        "text": "offerings",
        "alias": "ProgISS",
        "meta": "@ProgISS",
        "userDefined": false
      },
      {
        "text": " are at ISS?",
        "userDefined": false
      }
    ],
    "isTemplate": false,
    "count": 0
  },
  {
    "id": "6ff04ae4-6a89-4780-8f18-e411755dc207",
    "data": [
      {
        "text": "what ",
        "userDefined": false
      },
      {
        "text": "programs",
        "alias": "ProgISS",
        "meta": "@ProgISS",
        "userDefined": true
      },
      {
        "text": " are offered at ISS?",
        "userDefined": false
      }
    ],
    "isTemplate": false,
    "count": 0
  }
]