[
  {
    "id": "278beb27-e6b1-471d-8b05-bc275fe21485",
    "data": [
      {
        "text": "how do I learn ",
        "userDefined": false
      },
      {
        "text": "NLP",
        "alias": "SkillCourselisting",
        "meta": "@SkillCourselisting",
        "userDefined": false
      },
      {
        "text": "?",
        "userDefined": false
      }
    ],
    "isTemplate": false,
    "count": 0
  },
  {
    "id": "3728688e-512c-4237-9206-0bae0d2565fc",
    "data": [
      {
        "text": "how can I learn ",
        "userDefined": false
      },
      {
        "text": "artificial intelligence",
        "alias": "SkillCourselisting",
        "meta": "@SkillCourselisting",
        "userDefined": false
      },
      {
        "text": "?",
        "userDefined": false
      }
    ],
    "isTemplate": false,
    "count": 0
  },
  {
    "id": "d84f2262-196c-4a08-ad30-6125e635f47d",
    "data": [
      {
        "text": "what are the ",
        "userDefined": false
      },
      {
        "text": "computer vision",
        "alias": "SkillCourselisting",
        "meta": "@SkillCourselisting",
        "userDefined": false
      },
      {
        "text": " related ",
        "userDefined": false
      },
      {
        "text": "courses",
        "meta": "@sys.ignore",
        "userDefined": false
      },
      {
        "text": "?",
        "userDefined": false
      }
    ],
    "isTemplate": false,
    "count": 0
  },
  {
    "id": "274b7660-f21d-4041-a72c-3aa14ae29092",
    "data": [
      {
        "text": "what are the ",
        "userDefined": false
      },
      {
        "text": "AI",
        "alias": "SkillCourselisting",
        "meta": "@SkillCourselisting",
        "userDefined": true
      },
      {
        "text": " related courses?",
        "userDefined": false
      }
    ],
    "isTemplate": false,
    "count": 0
  },
  {
    "id": "a0bf3290-6d39-4438-88b1-9736ba044968",
    "data": [
      {
        "text": "what are the ",
        "userDefined": false
      },
      {
        "text": "internet of things",
        "alias": "SkillCourselisting",
        "meta": "@SkillCourselisting",
        "userDefined": false
      },
      {
        "text": " ",
        "userDefined": false
      },
      {
        "text": "courses",
        "meta": "@sys.ignore",
        "userDefined": false
      },
      {
        "text": " at ISS?",
        "userDefined": false
      }
    ],
    "isTemplate": false,
    "count": 0
  },
  {
    "id": "623d07b7-0366-4b35-b2d7-b7db135f82d6",
    "data": [
      {
        "text": "what are the ",
        "userDefined": false
      },
      {
        "text": "cyber security",
        "alias": "SkillCourselisting",
        "meta": "@SkillCourselisting",
        "userDefined": false
      },
      {
        "text": " ",
        "userDefined": false
      },
      {
        "text": "courses",
        "meta": "@sys.ignore",
        "userDefined": false
      },
      {
        "text": " at ISS?",
        "userDefined": false
      }
    ],
    "isTemplate": false,
    "count": 0
  },
  {
    "id": "38092c0e-9cda-4450-9a2d-aed85d86c0c5",
    "data": [
      {
        "text": "what are the ",
        "userDefined": false
      },
      {
        "text": "security",
        "alias": "SkillCourselisting",
        "meta": "@SkillCourselisting",
        "userDefined": false
      },
      {
        "text": " ",
        "userDefined": false
      },
      {
        "text": "courses",
        "meta": "@sys.ignore",
        "userDefined": false
      },
      {
        "text": " at ISS?",
        "userDefined": false
      }
    ],
    "isTemplate": false,
    "count": 0
  },
  {
    "id": "4b0aca57-52fa-45db-8970-d6223cce2986",
    "data": [
      {
        "text": "what are the ",
        "userDefined": false
      },
      {
        "text": "IOT",
        "alias": "SkillCourselisting",
        "meta": "@SkillCourselisting",
        "userDefined": true
      },
      {
        "text": " courses at ISS?",
        "userDefined": false
      }
    ],
    "isTemplate": false,
    "count": 0
  }
]