[
  {
    "id": "fc31f9e2-f014-41ef-ada3-01b17bb19eb3",
    "data": [
      {
        "text": "tell me about ",
        "userDefined": false
      },
      {
        "text": "Stackable Digital Solutions Development?",
        "alias": "stackableprogrammodulelisting",
        "meta": "@stackableprogrammodulelisting",
        "userDefined": false
      }
    ],
    "isTemplate": false,
    "count": 0
  },
  {
    "id": "8beb6722-7c03-48db-a34e-2d1e6f7b9529",
    "data": [
      {
        "text": "tell me about ",
        "userDefined": false
      },
      {
        "text": "Stackable Certificate Programme in Smart Systems \u0026 Platforms",
        "alias": "stackableprogrammodulelisting",
        "meta": "@stackableprogrammodulelisting",
        "userDefined": false
      },
      {
        "text": "?",
        "userDefined": false
      }
    ],
    "isTemplate": false,
    "count": 0
  },
  {
    "id": "aeba0f8f-51cc-4441-87bf-e4590b9f1c82",
    "data": [
      {
        "text": "tell me about ",
        "userDefined": false
      },
      {
        "text": "Stackable AI",
        "alias": "stackableprogrammodulelisting",
        "meta": "@stackableprogrammodulelisting",
        "userDefined": false
      },
      {
        "text": "?",
        "userDefined": false
      }
    ],
    "isTemplate": false,
    "count": 0
  },
  {
    "id": "b302e832-a097-46c1-91c7-cc1f9720b586",
    "data": [
      {
        "text": "tell me about ",
        "userDefined": false
      },
      {
        "text": "Stackable Certificate Programme in Artificial Intelligence",
        "alias": "stackableprogrammodulelisting",
        "meta": "@stackableprogrammodulelisting",
        "userDefined": false
      },
      {
        "text": "?",
        "userDefined": false
      }
    ],
    "isTemplate": false,
    "count": 0
  },
  {
    "id": "bdd40df3-fb47-4102-9a51-dc044d645ec4",
    "data": [
      {
        "text": "tell me about ",
        "userDefined": false
      },
      {
        "text": "stackable DS",
        "alias": "stackableprogrammodulelisting",
        "meta": "@stackableprogrammodulelisting",
        "userDefined": false
      },
      {
        "text": "?",
        "userDefined": false
      }
    ],
    "isTemplate": false,
    "count": 0
  },
  {
    "id": "2eb263be-6847-476a-b488-987ca35c8783",
    "data": [
      {
        "text": "tell me about ",
        "userDefined": false
      },
      {
        "text": "Stackable Certificate Programme in Data Science",
        "alias": "stackableprogrammodulelisting",
        "meta": "@stackableprogrammodulelisting",
        "userDefined": false
      },
      {
        "text": "?",
        "userDefined": false
      }
    ],
    "isTemplate": false,
    "count": 0
  }
]