[
  {
    "id": "f1a27c7d-83d0-4e0b-a339-beec2b022aeb",
    "data": [
      {
        "text": "stack",
        "alias": "stackable",
        "meta": "@stackable",
        "userDefined": true
      },
      {
        "text": "?",
        "userDefined": false
      }
    ],
    "isTemplate": false,
    "count": 0
  },
  {
    "id": "8405234c-851e-4173-858a-82ac27065899",
    "data": [
      {
        "text": "what ",
        "userDefined": false
      },
      {
        "text": "stacked",
        "alias": "stackable",
        "meta": "@stackable",
        "userDefined": true
      },
      {
        "text": " program at ISS?",
        "userDefined": false
      }
    ],
    "isTemplate": false,
    "count": 0
  },
  {
    "id": "dff1b9f7-3a6e-473d-b990-e2bc0cb7669d",
    "data": [
      {
        "text": "What ",
        "userDefined": false
      },
      {
        "text": "stacked degree",
        "alias": "stackable",
        "meta": "@stackable",
        "userDefined": true
      },
      {
        "text": " program at ISS?",
        "userDefined": false
      }
    ],
    "isTemplate": false,
    "count": 1
  },
  {
    "id": "93671d79-8b43-4ddb-ad26-858e491191f5",
    "data": [
      {
        "text": "what are ",
        "userDefined": false
      },
      {
        "text": "stacked pgm",
        "alias": "stackable",
        "meta": "@stackable",
        "userDefined": true
      },
      {
        "text": " at Iss?",
        "userDefined": false
      }
    ],
    "isTemplate": false,
    "count": 0
  },
  {
    "id": "f08903fc-2118-49c3-bce1-17405b8715a6",
    "data": [
      {
        "text": "Tell me about ",
        "userDefined": false
      },
      {
        "text": "stackable programs",
        "alias": "stackable",
        "meta": "@stackable",
        "userDefined": true
      },
      {
        "text": " on offer?",
        "userDefined": false
      }
    ],
    "isTemplate": false,
    "count": 0
  }
]