[
  {
    "id": "c1a3042e-3b20-4a7d-bc82-37732dc11e73",
    "data": [
      {
        "text": "tell me ",
        "userDefined": false
      },
      {
        "text": "practice chiefs",
        "alias": "StaffCategory",
        "meta": "@StaffCategory",
        "userDefined": false
      },
      {
        "text": "?",
        "userDefined": false
      }
    ],
    "isTemplate": false,
    "count": 0
  },
  {
    "id": "460fdfd1-87da-4f27-a932-b72dd70652ce",
    "data": [
      {
        "text": "tell me ",
        "userDefined": false
      },
      {
        "text": "graduate program chiefs",
        "alias": "StaffCategory",
        "meta": "@StaffCategory",
        "userDefined": false
      },
      {
        "text": "?",
        "userDefined": false
      }
    ],
    "isTemplate": false,
    "count": 0
  },
  {
    "id": "8ded66a0-612e-4805-b2c2-4010161d3a63",
    "data": [
      {
        "text": "tell me about ",
        "userDefined": false
      },
      {
        "text": "Grad prog chiefs",
        "alias": "StaffCategory",
        "meta": "@StaffCategory",
        "userDefined": false
      },
      {
        "text": "?",
        "userDefined": false
      }
    ],
    "isTemplate": false,
    "count": 0
  },
  {
    "id": "9b9b6084-0b97-4a90-a65e-54f6e960cc4c",
    "data": [
      {
        "text": "tell me ",
        "userDefined": false
      },
      {
        "text": "Center of excellence",
        "alias": "StaffCategory",
        "meta": "@StaffCategory",
        "userDefined": false
      },
      {
        "text": " at ISS?",
        "userDefined": false
      }
    ],
    "isTemplate": false,
    "count": 0
  },
  {
    "id": "4cff7149-993f-452a-9597-f2ed0a35a139",
    "data": [
      {
        "text": "tell me the ",
        "userDefined": false
      },
      {
        "text": "CoE",
        "alias": "StaffCategory",
        "meta": "@StaffCategory",
        "userDefined": false
      },
      {
        "text": " members at ISS?",
        "userDefined": false
      }
    ],
    "isTemplate": false,
    "count": 0
  },
  {
    "id": "24243cf5-4aba-4d36-938c-a9175635ea6b",
    "data": [
      {
        "text": "tell me what is the ",
        "userDefined": false
      },
      {
        "text": "teaching staff",
        "alias": "StaffCategory",
        "meta": "@StaffCategory",
        "userDefined": false
      },
      {
        "text": " at ISS?",
        "userDefined": false
      }
    ],
    "isTemplate": false,
    "count": 0
  },
  {
    "id": "50bbcad5-d14e-4d39-8bce-181bd4927a74",
    "data": [
      {
        "text": "tell me please who all are the ",
        "userDefined": false
      },
      {
        "text": "teachers",
        "alias": "StaffCategory",
        "meta": "@StaffCategory",
        "userDefined": true
      },
      {
        "text": " at ISS?",
        "userDefined": false
      }
    ],
    "isTemplate": false,
    "count": 0
  },
  {
    "id": "65d1b83e-159a-4563-bbdf-e8ccdd51199d",
    "data": [
      {
        "text": "Please tell me who are the ",
        "userDefined": false
      },
      {
        "text": "management",
        "alias": "StaffCategory",
        "meta": "@StaffCategory",
        "userDefined": false
      },
      {
        "text": " of ISS?",
        "userDefined": false
      }
    ],
    "isTemplate": false,
    "count": 0
  }
]