[
  {
    "id": "ea467532-5f21-4817-b3b3-518d0139997a",
    "data": [
      {
        "text": "What\u0027 so unique about ISS?",
        "userDefined": false
      }
    ],
    "isTemplate": false,
    "count": 0
  },
  {
    "id": "1f8a0300-b3e6-4cda-bea3-1926670f1d15",
    "data": [
      {
        "text": "What\u0027s so great about ISS?",
        "userDefined": false
      }
    ],
    "isTemplate": false,
    "count": 0
  },
  {
    "id": "17dfe954-4a3d-481d-af12-0db67226455d",
    "data": [
      {
        "text": "why should I do ISS?",
        "userDefined": false
      }
    ],
    "isTemplate": false,
    "count": 0
  },
  {
    "id": "85fdc042-3f8e-4ce9-ab74-521cd7241a94",
    "data": [
      {
        "text": "What is good about ISS?",
        "userDefined": false
      }
    ],
    "isTemplate": false,
    "count": 0
  },
  {
    "id": "ee022402-7f1a-4c7f-9ca6-e87e29368945",
    "data": [
      {
        "text": "Why NUS ISS?",
        "userDefined": false
      }
    ],
    "isTemplate": false,
    "count": 0
  },
  {
    "id": "ba56721b-847e-4cf2-88b3-fb41b28fef7d",
    "data": [
      {
        "text": "What does ISS offer?",
        "userDefined": false
      }
    ],
    "isTemplate": false,
    "count": 0
  },
  {
    "id": "9fc569c4-c94e-47f7-b71c-566745921606",
    "data": [
      {
        "text": "Why ISS?",
        "userDefined": false
      }
    ],
    "isTemplate": false,
    "count": 0
  }
]