[
  {
    "value": "Artificial Intelligence",
    "synonyms": [
      "AI",
      "Artificial Intelligence"
    ]
  },
  {
    "value": "Cybersecurity",
    "synonyms": [
      "Cyber",
      "Cyber security",
      "IP security",
      "IPSec",
      "internet security",
      "security"
    ]
  },
  {
    "value": "Data Science",
    "synonyms": [
      "DS",
      "Data Engineering",
      "Data Sc",
      "Data Science"
    ]
  },
  {
    "value": "Digital Agility",
    "synonyms": [
      "DA",
      "Digital Agility"
    ]
  },
  {
    "value": "Digital innovation and design",
    "synonyms": [
      "Digital innovation and design",
      "I\u0026D",
      "innovation",
      "innovation and design"
    ]
  },
  {
    "value": "Digital products \u0026 platforms",
    "synonyms": [
      "Digital products \u0026 platforms",
      "P\u0026P",
      "products \u0026 platforms",
      "products and platforms"
    ]
  },
  {
    "value": "Digital strategy \u0026 leadership",
    "synonyms": [
      "S\u0026L",
      "Strategy \u0026 Leadership",
      "Strategy and leadership"
    ]
  },
  {
    "value": "Professional conversion programmes",
    "synonyms": [
      "Professional conversion",
      "conversion program",
      "conversion programmes"
    ]
  },
  {
    "value": "Smart health leadership",
    "synonyms": [
      "HL",
      "Smart health leadership",
      "health leadership"
    ]
  },
  {
    "value": "Software systems",
    "synonyms": [
      "SS",
      "Software systems",
      "s/w sys",
      "s/w systems",
      "software sys"
    ]
  },
  {
    "value": "StackUp - Starup Tech Talent Development",
    "synonyms": [
      "StackUp - Starup Tech Talent Development",
      "Startup",
      "startup dev",
      "startup tech talent development"
    ]
  }
]