[
  {
    "value": "DL",
    "synonyms": [
      "DL",
      "Digit leadership",
      "Digital leadership"
    ]
  },
  {
    "value": "EBA",
    "synonyms": [
      "EBA",
      "Enterprise biz analytics",
      "Entpr biz analytics",
      "Entpr business analytics"
    ]
  },
  {
    "value": "IS",
    "synonyms": [
      "AI",
      "IS",
      "Intelligent systems"
    ]
  },
  {
    "value": "KE",
    "synonyms": [
      "KE",
      "Know eng",
      "Knowledge engineering"
    ]
  },
  {
    "value": "SA",
    "synonyms": [
      "SA",
      "System analysis",
      "sys analysis"
    ]
  },
  {
    "value": "SE",
    "synonyms": [
      "SE",
      "Software Engineering",
      "s/w eng",
      "s/w engineering",
      "sw eng",
      "sw engineering"
    ]
  }
]