[
  {
    "value": "Artificial intelligence",
    "synonyms": [
      "AI",
      "Artificial intelligence",
      "Machine Learning",
      "NLP",
      "Natural language processing",
      "computer vision"
    ]
  },
  {
    "value": "CyberSecurity",
    "synonyms": [
      "Cyber security",
      "Data privacy",
      "IPSec",
      "Security"
    ]
  },
  {
    "value": "IOT",
    "synonyms": [
      "IOT",
      "Internet of everything",
      "Internet of things",
      "M2M",
      "Machine to Machine"
    ]
  }
]