[
  {
    "value": "Stackable Certificate Programme in Artificial Intelligence",
    "synonyms": [
      "Stackable AI",
      "Stackable AI pgm",
      "Stackable Certificate Programme in Artificial Intelligence"
    ]
  },
  {
    "value": "Stackable Certificate Programme in Data Science",
    "synonyms": [
      "Stackable Certificate Programme in Data Science",
      "stackable DS",
      "stackable Data science"
    ]
  },
  {
    "value": "Stackable Certificate Programme in Smart Systems \u0026 Platforms",
    "synonyms": [
      "Stackable Certificate Programme in Smart Systems \u0026 Platforms",
      "stackable Smart systems",
      "stackable smart systems and platforms"
    ]
  },
  {
    "value": "Stackable Certificate Programmes in Digital Solutions Development",
    "synonyms": [
      "stackable digital sol dev",
      "stackable digital solution development"
    ]
  }
]