[
  {
    "value": "Adjunct Staff",
    "synonyms": [
      "adjunct",
      "adjunct staff",
      "adjunct team"
    ]
  },
  {
    "value": "Administration Staff",
    "synonyms": [
      "admin staff",
      "admin team",
      "administration staff"
    ]
  },
  {
    "value": "Centres Of Excellence",
    "synonyms": [
      "Center of excellence",
      "Centres of excellence",
      "CoE",
      "excellence center",
      "excellence centres"
    ]
  },
  {
    "value": "Graduate Programme Chiefs",
    "synonyms": [
      "Graduate program chiefs",
      "grad prog chief",
      "grad program chiefs",
      "graduate prog chief"
    ]
  },
  {
    "value": "Management",
    "synonyms": [
      "Management",
      "managers",
      "mgmt"
    ]
  },
  {
    "value": "Practice Chiefs",
    "synonyms": [
      "Practice chiefs",
      "practice head",
      "practice heads"
    ]
  },
  {
    "value": "Teaching Staff",
    "synonyms": [
      "Teaching staff",
      "teacher staff",
      "teachers"
    ]
  }
]