[
  {
    "value": "Collaborators",
    "synonyms": [
      "Others",
      "Recruiter",
      "industry",
      "marketing",
      "research",
      "researcher",
      "supplier",
      "university",
      "vendor"
    ]
  },
  {
    "value": "Current Student",
    "synonyms": [
      "Current Student",
      "Graduate Student",
      "NewBee",
      "Student"
    ]
  },
  {
    "value": "Faculty",
    "synonyms": [
      "Faculty",
      "ISS-admin",
      "Reader",
      "Teach",
      "Teacher",
      "admin",
      "faculty",
      "lecturer",
      "professor",
      "staff"
    ]
  },
  {
    "value": "Prospective Student",
    "synonyms": [
      "Looking out",
      "New Student",
      "Newbei",
      "Prospect",
      "Prospective",
      "Prospective Student"
    ]
  }
]